[
  {
    "id": "67e95804-8824-439c-974e-3b3ae4e1b7f3",
    "data": [
      {
        "text": "你好",
        "userDefined": false
      }
    ],
    "isTemplate": false,
    "count": 0,
    "updated": 0
  },
  {
    "id": "86b35821-7dc9-4441-b687-821eb0fc4626",
    "data": [
      {
        "text": "喂",
        "userDefined": false
      }
    ],
    "isTemplate": false,
    "count": 0,
    "updated": 0
  },
  {
    "id": "cc178697-5cab-47f0-a67d-0293ec521efc",
    "data": [
      {
        "text": "嗨",
        "userDefined": false
      }
    ],
    "isTemplate": false,
    "count": 0,
    "updated": 0
  },
  {
    "id": "78859f7a-6d37-4717-91a6-a2463e496075",
    "data": [
      {
        "text": "哈啰",
        "userDefined": false
      }
    ],
    "isTemplate": false,
    "count": 0,
    "updated": 0
  },
  {
    "id": "4e5f9e81-bdb3-4533-b1e2-9b4e957354a1",
    "data": [
      {
        "text": "嘿",
        "userDefined": false
      }
    ],
    "isTemplate": false,
    "count": 0,
    "updated": 0
  },
  {
    "id": "e94ee98e-2295-4be0-8334-f99744d61b4c",
    "data": [
      {
        "text": "嗨 你好",
        "userDefined": false
      }
    ],
    "isTemplate": false,
    "count": 0,
    "updated": 0
  },
  {
    "id": "22fa0879-9db3-427a-9d10-e0e9ddf03cf6",
    "data": [
      {
        "text": "嗨寶貝",
        "userDefined": false
      }
    ],
    "isTemplate": false,
    "count": 0,
    "updated": 0
  },
  {
    "id": "5dc5a1e2-596b-4a41-bf3e-eb232e8b612e",
    "data": [
      {
        "text": "嗨蜜糖",
        "userDefined": false
      }
    ],
    "isTemplate": false,
    "count": 0,
    "updated": 0
  },
  {
    "id": "0e73c1a5-64e4-4062-8b42-a1b1f26ac1af",
    "data": [
      {
        "text": "嗨美女",
        "userDefined": false
      }
    ],
    "isTemplate": false,
    "count": 0,
    "updated": 0
  },
  {
    "id": "5b497df1-a682-47ed-9836-d474b5e47c8b",
    "data": [
      {
        "text": "嗨甜心",
        "userDefined": false
      }
    ],
    "isTemplate": false,
    "count": 0,
    "updated": 0
  },
  {
    "id": "54a8ebf6-2adc-4606-a47d-35e5d2d1550d",
    "data": [
      {
        "text": "嗨飛飛",
        "userDefined": false
      }
    ],
    "isTemplate": false,
    "count": 0,
    "updated": 0
  },
  {
    "id": "2f99c344-7da6-4aae-89de-7e0367b8420c",
    "data": [
      {
        "text": "嗨老婆",
        "userDefined": false
      }
    ],
    "isTemplate": false,
    "count": 0,
    "updated": 0
  },
  {
    "id": "98a8c7bc-efca-46b6-9bf5-3ee5d20054db",
    "data": [
      {
        "text": "嗨愛人",
        "userDefined": false
      }
    ],
    "isTemplate": false,
    "count": 0,
    "updated": 0
  },
  {
    "id": "d3b1379f-6e1c-4baa-b16d-38ab17e318e2",
    "data": [
      {
        "text": "嗨可愛的",
        "userDefined": false
      }
    ],
    "isTemplate": false,
    "count": 0,
    "updated": 0
  },
  {
    "id": "d246ba16-3ea9-4aef-8e25-0e4a55a2790c",
    "data": [
      {
        "text": "嗨 親愛的",
        "userDefined": false
      }
    ],
    "isTemplate": false,
    "count": 0,
    "updated": 0
  },
  {
    "id": "a8253d5f-7c9e-47c1-a543-6ed8a0c04233",
    "data": [
      {
        "text": "嗨你好朋友",
        "userDefined": false
      }
    ],
    "isTemplate": false,
    "count": 0,
    "updated": 0
  },
  {
    "id": "0f179761-b9a4-41dc-a11a-ce72444ce10a",
    "data": [
      {
        "text": "哈啰老婆",
        "userDefined": false
      }
    ],
    "isTemplate": false,
    "count": 0,
    "updated": 0
  },
  {
    "id": "23590b45-6bd0-4424-8dfb-2353ad149820",
    "data": [
      {
        "text": "哈啰飛飛",
        "userDefined": false
      }
    ],
    "isTemplate": false,
    "count": 0,
    "updated": 0
  },
  {
    "id": "962a1969-9601-430f-b330-e2320400edab",
    "data": [
      {
        "text": "哈啰寶貝",
        "userDefined": false
      }
    ],
    "isTemplate": false,
    "count": 0,
    "updated": 0
  },
  {
    "id": "c7c82258-b7ad-472e-a110-ae5a2197c567",
    "data": [
      {
        "text": "哈啰美女",
        "userDefined": false
      }
    ],
    "isTemplate": false,
    "count": 0,
    "updated": 0
  },
  {
    "id": "cd21beca-93fe-44d5-8da8-bb8a8ea21645",
    "data": [
      {
        "text": "哈啰甜心",
        "userDefined": false
      }
    ],
    "isTemplate": false,
    "count": 0,
    "updated": 0
  },
  {
    "id": "0b3fede9-1c5c-4e71-8439-2c8d7481542f",
    "data": [
      {
        "text": "哈啰朋友",
        "userDefined": false
      }
    ],
    "isTemplate": false,
    "count": 0,
    "updated": 0
  },
  {
    "id": "d8392478-27fb-48ce-aa2d-c2bbfcbdc5ac",
    "data": [
      {
        "text": "哈啰你好",
        "userDefined": false
      }
    ],
    "isTemplate": false,
    "count": 0,
    "updated": 0
  },
  {
    "id": "dbf26a51-7544-402f-9d1f-20cb240265c8",
    "data": [
      {
        "text": "哈啰我親愛的",
        "userDefined": false
      }
    ],
    "isTemplate": false,
    "count": 0,
    "updated": 0
  },
  {
    "id": "c7a872df-6165-4b3e-8ea2-b17019e95ebe",
    "data": [
      {
        "text": "嘿 你好",
        "userDefined": false
      }
    ],
    "isTemplate": false,
    "count": 0,
    "updated": 0
  },
  {
    "id": "17683742-39ce-450a-ba22-7f43963b1617",
    "data": [
      {
        "text": "嘿老婆",
        "userDefined": false
      }
    ],
    "isTemplate": false,
    "count": 0,
    "updated": 0
  },
  {
    "id": "0f9c2626-e8cf-41a8-a26d-24ec76dfc9bf",
    "data": [
      {
        "text": "嘿飛飛",
        "userDefined": false
      }
    ],
    "isTemplate": false,
    "count": 0,
    "updated": 0
  },
  {
    "id": "961cb835-f5cb-4a82-80f8-5d87b80fe603",
    "data": [
      {
        "text": "嘿美女",
        "userDefined": false
      }
    ],
    "isTemplate": false,
    "count": 0,
    "updated": 0
  },
  {
    "id": "2cbb9671-799e-4648-aa83-670fcd29ff60",
    "data": [
      {
        "text": "嘿夥伴",
        "userDefined": false
      }
    ],
    "isTemplate": false,
    "count": 0,
    "updated": 0
  },
  {
    "id": "908de04d-498c-447a-8525-fb58d972e54d",
    "data": [
      {
        "text": "嘿女孩",
        "userDefined": false
      }
    ],
    "isTemplate": false,
    "count": 0,
    "updated": 0
  },
  {
    "id": "6b7deb73-7312-4d19-9e0c-acbcc03a22f2",
    "data": [
      {
        "text": "嘿助手",
        "userDefined": false
      }
    ],
    "isTemplate": false,
    "count": 0,
    "updated": 0
  },
  {
    "id": "0b198975-0145-4e9f-926b-662484863174",
    "data": [
      {
        "text": "嘿可愛的",
        "userDefined": false
      }
    ],
    "isTemplate": false,
    "count": 0,
    "updated": 0
  },
  {
    "id": "82f9d4fc-975a-48ca-8a9e-34faa79e8eba",
    "data": [
      {
        "text": "只想給你打個招呼",
        "userDefined": false
      }
    ],
    "isTemplate": false,
    "count": 0,
    "updated": 0
  },
  {
    "id": "374b6dab-1fe9-45c4-9135-a30c51d2bfbf",
    "data": [
      {
        "text": "美好的一天對吧",
        "userDefined": false
      }
    ],
    "isTemplate": false,
    "count": 0,
    "updated": 0
  },
  {
    "id": "115b3b7f-7107-43e2-b017-f131d4c4c9e5",
    "data": [
      {
        "text": "再一次問好",
        "userDefined": false
      }
    ],
    "isTemplate": false,
    "count": 0,
    "updated": 0
  },
  {
    "id": "99320d7f-4f92-4ec0-9fde-6f6e6352a4ee",
    "data": [
      {
        "text": "好久不見",
        "userDefined": false
      }
    ],
    "isTemplate": false,
    "count": 0,
    "updated": 0
  },
  {
    "id": "31d6a5b1-3764-4933-a41e-01bef438466e",
    "data": [
      {
        "text": "哈喽",
        "userDefined": false
      }
    ],
    "isTemplate": false,
    "count": 0,
    "updated": 0
  },
  {
    "id": "f35a2f68-06be-46e2-8203-f325bad84ed3",
    "data": [
      {
        "text": "你好啊",
        "userDefined": false
      }
    ],
    "isTemplate": false,
    "count": 0,
    "updated": 0
  },
  {
    "id": "e321c8cf-1204-4aa5-bd7e-289cf4ee60dd",
    "data": [
      {
        "text": "嘿嘿",
        "userDefined": false
      }
    ],
    "isTemplate": false,
    "count": 0,
    "updated": 0
  }
]