[
  {
    "id": "70def9e3-83f9-4b44-9160-cd42fd0557fd",
    "data": [
      {
        "text": "請問台灣好廁在哪裏",
        "userDefined": false
      }
    ],
    "isTemplate": false,
    "count": 0,
    "updated": 0
  },
  {
    "id": "279560a8-db46-40b2-bf02-3d847d4c48e5",
    "data": [
      {
        "text": "附近的廁所在哪",
        "userDefined": false
      }
    ],
    "isTemplate": false,
    "count": 0,
    "updated": 0
  },
  {
    "id": "fb00dd52-ffb2-419e-9d0b-51ff14d28b3e",
    "data": [
      {
        "text": "請問廁所在哪裏",
        "userDefined": false
      }
    ],
    "isTemplate": false,
    "count": 0,
    "updated": 0
  },
  {
    "id": "ad1dc8f5-7661-4865-85dd-cce33540caea",
    "data": [
      {
        "text": "請",
        "userDefined": false
      },
      {
        "text": "問公廁在哪",
        "alias": "age",
        "meta": "@sys.age",
        "userDefined": true
      }
    ],
    "isTemplate": false,
    "count": 0,
    "updated": 0
  },
  {
    "id": "a906ce35-6d78-4bee-b2ca-2ff5741a04c2",
    "data": [
      {
        "text": "請問",
        "userDefined": false
      },
      {
        "text": "台北市",
        "alias": "tw_city",
        "meta": "@sys.geo-city",
        "userDefined": true
      },
      {
        "text": "的公廁在哪",
        "userDefined": false
      }
    ],
    "isTemplate": false,
    "count": 0,
    "updated": 0
  }
]